FirstName,LastName,HouseNum,Town,Postcode,Mobile,Landline,Email,DateEmployed
April,Patterson,3266,Wuchester,75683,(565)822-2540x710,001-772-398-8961x2996,lowechristopher@example.com,2005-10-04
Teresa,Booth,771,Simmonsport,28226,9874872549,226.359.8123,fschmidt@example.net,1998-12-06
Joseph,Keller,5567,Jenniferhaven,09641,446-332-6559x8666,+1-662-933-3087x14202,christopherthomas@example.net,1993-10-03
Daniel,Collins,9672,Lake Phyllisview,31311,+1-805-398-3487,(498)441-6729,salazarmonica@example.net,1974-06-02
Kimberly,White,5908,Lake Margaretland,13363,+1-489-738-4954x4071,001-501-560-5078x7819,singhjade@example.com,1971-02-10
Alex,Wilkerson,39559,Port Joel,06450,+1-683-289-2824x82587,597.941.5212x6580,davidyoung@example.org,1980-06-30
Bobby,Nielsen,34208,Knightland,77416,6648976719,+1-251-429-4997x415,fharris@example.net,2002-05-03
Peter,Shaw,01981,Shortshire,41166,754-523-9617,578-563-8312x87165,michellejackson@example.net,2016-06-09
Kendra,Campbell,002,North Dillon,75951,+1-560-690-1795x9629,(446)425-9121,jordankevin@example.org,1982-10-17
Jennifer,Moore,1722,Russellside,96151,+1-552-987-1292x72094,(882)532-5570,mgonzalez@example.net,2009-02-15
